Date,MSCI USA Index,MSCI USA Small Cap Index,MSCI USA Value Index,MSCI USA Growth Index,MSCI USA Small Cap Value Index,MSCI USA Quality Index,MSCI USA Minimum Volatility Index ,MSCI USA High Dividend Yield Index,MSCI USA Diversified Multiple-Factor Index
1999-05-31,"3798,118955","71,918038","5077,468776",1000,"2015,035886","628,828467","1024,328421","1048,689248","274,516956"
1999-06-30,"4002,862087","76,314637","5220,719392","1067,348638","2099,676832","667,340944","1042,859726","1077,208738","287,800342"
1999-07-30,"3872,099613","77,321806","5075,684224","1031,725856","2059,52326","650,056041","1018,789268","1042,779112","278,743436"
1999-08-31,"3848,476216","74,865183","4914,013262","1032,633547","1974,027061","657,341136","1001,574751","995,834721","269,228432"
1999-09-30,"3734,740943","74,664744","4689,282426","1017,916713","1940,089666","633,429091","966,140399","955,888976","259,875621"
1999-10-29,"3977,756327","74,011838","4952,431939","1084,341389","1908,087915","669,887838","1024,387039","991,901591","274,587301"
1999-11-30,"4064,081609","80,944165","4940,771216","1157,874208","1973,929613","690,728591","1021,688656","986,111199","291,892196"
1999-12-31,"4347,849845","92,679123","5043,436009","1282,741957","2067,84077","734,257254","1054,988576","953,71132","319,378149"
2000-01-31,"4113,878321","90,985882","4886,132795","1182,531653","1993,415202","689,293576","1015,891918","921,319771","292,153363"
2000-02-29,"4016,990079","112,351251","4568,389561","1171,30391","2041,152256","681,604846","965,004794","824,817739","292,594816"
2000-03-31,"4418,596643","101,893973","5047,056597","1280,344703","2128,552861","740,572301","1056,961464","925,153343","324,729601"
2000-04-28,"4274,863515","94,715937","5060,261392","1215,138146","2059,361944","717,79151","1049,337624","923,085174","313,223251"
2000-05-31,"4163,258876","90,424508","5073,466643","1175,905498","2002,622646","701,01018","1039,529526","939,86103","302,944522"
2000-06-30,"4261,813382","96,311111","4944,858015","1207,030406","2057,420547","746,767699","1032,85441","877,353123","308,218171"
2000-07-31,"4185,000115","94,222116","4986,97658","1202,684971","2090,65844","722,199016","1021,645798","875,815562","308,95295"
2000-08-31,"4404,203825","103,356443","5240,456825","1260,017368","2212,820515","750,884539","1074,744413","912,685062","333,611531"
2000-09-29,"4163,809392","103,004877","5211,361912","1242,710129","2175,704823","711,359189","1070,436319","954,142738","324,871235"
2000-10-31,"4133,470483","101,656005","5288,505637","1234,937315","2131,492246","724,934565","1085,103295","1010,085407","326,712083"
2000-11-30,"3808,30856","91,26082","4978,067339","1166,245387","2045,527572","682,117479","1050,363258","996,746383","305,641443"
2000-12-29,"3801,778294",100,"5184,207993","1169,10913","2234,397804","665,08963","1084,872902","1039,086192","312,580847"
2001-01-31,"3940,798586","105,114156","5281,552662","1184,428073","2469,61993","683,953702","1070,129265","1021,474609","316,592197"
2001-02-28,"3588,647479","100,800411","5020,57332","1069,084661","2372,551716","618,567355","1034,998224","1015,906238","292,206203"
2001-03-30,"3359,8722","98,058043","4821,674948","984,15544","2285,15728","575,29153","988,465736","989,407959","271,891733"
2001-04-30,"3621,650306","104,457419","5136,373379","1072,066667","2430,007827","614,230027","1042,816598","1019,67836","296,669865"
2001-05-31,"3643,444919","107,359386","5206,79211","1080,677416","2544,49311","617,417211","1062,681708","1043,41305","300,671094"
2001-06-29,"3560,065208","112,210882","5080,868079","1043,800831","2614,359822","602,414811","1021,573381","1010,615654","299,106449"
2001-07-31,"3526,865131","109,816135","5021,315409","1015,508243","2580,146431","611,600622","1029,434628","1027,6298","292,073856"
2001-08-31,"3292,648091","107,510203","4718,81842","957,377283","2546,166043","574,660191","994,101343","996,941344","283,971605"
2001-09-28,"3040,926589","93,046595","4338,296986","856,427182","2205,352437","542,209184","944,682889","970,940317","257,036712"
2001-10-31,"3085,453104","100,951234","4278,268843","863,534262","2298,097327","556,604888","933,646703","943,211203","257,518075"
2001-11-30,"3323,251677","109,659606","4533,137344","934,369204","2483,471052","600,677122","985,29101","976,787818","278,669414"
2001-12-31,"3344,370165","116,962034","4574,383793","939,410879","2807,292795","602,434008","999,987136","991,018933","285,1175"
2002-01-31,"3297,208109","114,395084","4522,344528","925,913917","2824,980174","607,500783","991,671312","990,600759","288,429473"
2002-02-28,"3232,82748","111,007428","4372,245237","913,750084","2829,096897","598,559341","1003,782795","1013,249864","289,659894"
2002-03-29,"3353,375012","120,854198","4649,441276","965,576182","3093,697732","612,180419","1036,14672","1041,283742","303,039876"
2002-04-30,"3135,883801","120,969929","4402,185213","924,316286","3172,916084","572,164386","1001,30422","1008,185106","298,820185"
2002-05-31,"3112,559353","115,301121","4390,824857","920,206462","3074,86716","565,756116","999,988087","1021,751637","297,878513"
2002-06-28,"2875,353659","108,017128","4073,194588","856,065422","2879,416763","526,320579","944,895312","965,948029","281,162289"
2002-07-31,"2668,649775","93,184716","3658,164832","779,733674","2482,96242","494,934519","884,191589","917,558978","259,090622"
2002-08-30,"2681,354265","93,469074","3673,88901","785,018171","2487,689962","498,445493","892,43281","914,869329","257,35475"
2002-09-30,"2378,786353","86,536461","3241,370525","690,031864","2271,177656","447,664305","806,939856","804,504513","234,567061"
2002-10-31,"2594,868887","89,464015","3521,009271","729,373601","2322,873065","493,326529","842,410977","850,851201","243,482521"
2002-11-29,"2751,064832","97,12483","3806,366566","763,11687","2520,225809","511,751937","864,35574","885,922577","250,115908"
2002-12-31,"2584,929465","90,00896","3542,414249","718,744412","2416,97034","485,126829","846,914028","859,633344","243,978404"
2003-01-31,"2522,505095","87,785153","3470,261199","701,395098","2362,872204","469,821171","818,982218","835,675493","236,511568"
2003-02-28,"2484,112405","85,343329","3384,605618","691,381268","2282,928343","464,87459","800,472337","816,119295","233,021064"
2003-03-31,"2507,245503","86,524803","3369,11396","705,250855","2316,358235","471,600414","807,297429","823,057558","232,944021"
2003-04-30,"2716,722131","96,434819","3722,86649","756,971584","2626,488937","500,512577","862,162","896,079657","247,387975"
2003-05-30,"2862,490126","108,001565","3999,867422","814,05118","2899,935918","521,945702","900,587371","939,345192","265,785228"
2003-06-30,"2897,969518","109,45517","4052,860625","819,419736","2966,184793","528,085356","908,061821","954,468448","267,032108"
2003-07-31,"2951,784054","114,9393","4101,735154","840,187501","3075,436279","527,910012","910,917577","944,355098","272,728937"
2003-08-29,"3007,171139","121,795947","4174,592447","868,450317","3216,38318","536,311245","918,685345","958,296731","280,035108"
2003-09-30,"2972,456795","119,490952","4135,777341","854,166223","3181,450525","532,191396","916,072514","954,169744","277,557045"
2003-10-31,"3142,133383","131,095014","4352,340016","914,286872","3438,470976","554,749749","956,872777","989,027905","298,495315"
2003-11-28,"3172,554596","135,766378","4407,756897","927,131149","3575,218143","557,397596","969,959104","994,709775","306,197514"
2003-12-31,"3337,410118","138,708006","4724,103584","961,941076","3728,866741","583,026188","1016,128355","1068,446008","320,964148"
2004-01-30,"3397,873763","144,676228","4795,547193","984,142703","3843,620225","587,482217","1030,420421","1083,581498","327,60219"
2004-02-27,"3439,102069","146,153333","4880,367803","990,417954","3927,939115","596,846643","1051,027073","1097,841885","333,86301"
2004-03-31,"3384,481392","148,526822","4812,45386","972,108144","3966,909751","587,283871","1047,685668","1079,189315","336,405325"
2004-04-30,"3332,517213","140,129292","4721,476535","970,35753","3793,93295","596,746407","1033,36915","1073,023354","329,204043"
2004-05-31,"3376,845987","143,205202","4757,492251","997,774129","3859,732377","598,029022","1042,526378","1075,25394","333,458338"
2004-06-30,"3440,638944","148,607606","4882,226551","1026,351315","4016,048738","606,505272","1056,443313","1098,752489","343,486313"
2004-07-30,"3323,490488","139,753997","4815,82246","983,198285","3845,770569","587,21131","1032,260995","1088,91424","333,71337"
2004-08-31,"3340,50697","138,572195","4892,242125","990,079272","3850,689938","590,926373","1055,884012","1115,720139","335,540654"
2004-09-30,"3377,186562","145,106603","4934,919605","1007,40572","3976,293361","590,668184","1064,527208","1116,155357","348,048891"
2004-10-29,"3428,833117","148,103285","5007,362703","1026,895594","4046,583235","593,559106","1077,543635","1120,182268","351,966056"
2004-11-30,"3569,833283","159,90024","5231,79604","1076,742284","4387,892788","614,546366","1125,764396","1158,521389","374,732992"
2004-12-31,"3694,969546","165,505181","5412,17682","1119,692528","4556,674095","642,387762","1163,58502","1194,873446","388,593854"
2005-01-31,"3603,493714","158,274718","5305,838937","1080,137425","4421,87878","634,948443","1143,324208","1171,37352","383,725608"
2005-02-28,"3678,646498","161,535464","5467,767896","1093,846114","4529,548308","651,524865","1167,595426","1219,388614","401,450878"
2005-03-31,"3619,893537","156,484634","5381,221288","1086,170029","4460,066074","644,633224","1156,098159","1198,261235","399,742394"
2005-04-29,"3554,490123","148,167203","5301,269814","1079,074764","4265,669194","630,193762","1157,469694","1201,307469","388,002323"
2005-05-31,"3670,689947","158,010936","5407,877805","1127,805173","4548,889383","648,08742","1182,867697","1214,800493","402,863753"
2005-06-30,"3679,88866","163,263108","5442,413179","1135,129867","4702,713524","640,744751","1188,935727","1210,604619","412,328258"
2005-07-29,"3818,157013","173,39626","5579,753194","1178,783478","4962,877755","663,407912","1222,407519","1226,43012","430,026614"
2005-08-31,"3782,703442","170,896681","5535,35267","1169,487134","4875,078813","653,871032","1209,038386","1215,632849","428,331199"
2005-09-30,"3815,11651","172,018305","5612,657893","1184,002061","4852,02587","653,203632","1214,075506","1225,900752","438,485434"
2005-10-31,"3752,529325","166,956494","5489,873594","1177,55908","4673,26716","643,88055","1197,474092","1196,184601","424,766614"
2005-11-30,"3904,158429","175,322986","5693,431987","1228,438119","4860,447036","663,601169","1233,500414","1229,867966","442,570742"
2005-12-30,"3906,350514","174,993846","5736,17508","1236,082048","4860,836658","658,589469","1240,65364","1239,10389","449,43751"
2006-01-31,"4012,972743","189,229532","5887,483326","1275,174073","5163,659265","668,879716","1268,438062","1258,65024","470,186651"
2006-02-28,"4017,044934","188,822253","5942,232944","1257,43432","5138,583416","669,435478","1273,616475","1274,67795","467,955757"
2006-03-31,"4068,565764","197,527138","6017,511517","1282,410099","5310,805258","673,909418","1282,103069","1285,542031","477,331843"
2006-04-28,"4122,200844","197,640226","6175,45709","1312,73544","5356,095169","671,678907","1289,861187","1325,793181","483,789377"
2006-05-31,"4000,222403","186,39388","6024,474283","1276,850092","5160,267406","652,636348","1265,381054","1294,205664","468,506578"
2006-06-30,"4004,708791","185,790903","6056,505158","1285,435893","5148,250064","656,041436","1276,365563","1300,548995","471,870571"
2006-07-31,"4018,081355","179,74098","6215,887484","1272,061731","5022,262325","659,907353","1301,300334","1348,18693","477,557299"
2006-08-31,"4115,145485","184,486023","6342,629333","1273,94282","5125,383006","677,528685","1325,950505","1380,423604","483,094885"
2006-09-29,"4219,909428","186,666682","6493,82701","1300,619933","5192,291803","690,885786","1344,303073","1405,136407","488,944043"
2006-10-31,"4364,117706","195,953427","6708,949516","1355,473873","5440,014425","718,618835","1383,696239","1436,421177","504,883323"
2006-11-30,"4450,718819","200,643756","6836,203766","1381,881156","5629,13726","733,990212","1409,823914","1457,064589","517,649459"
2006-12-29,"4504,774211","200,666591","6996,619421","1410,679768","5666,934132","737,732339","1426,219575","1500,012376","524,033881"
2007-01-31,"4586,412592","203,693203","7079,245763","1439,31233","5830,897655","747,28253","1451,216984","1513,595787","536,857982"
2007-02-28,"4502,527598","202,433675","6966,998354","1404,96533","5854,750081","727,468528","1433,376056","1488,178172","532,775049"
2007-03-30,"4551,225961","205,002426","7079,192201","1420,603346","5915,846432","735,544617","1441,471899","1506,409194","542,537856"
2007-04-30,"4746,318237","209,842203","7373,998381","1483,385195","6091,785019","773,201054","1495,137103","1569,547667","562,563153"
2007-05-31,"4912,532222","218,72374","7635,01935","1526,036375","6370,828364","799,981285","1533,796863","1612,350875","585,931478"
2007-06-29,"4830,392818","215,296706","7468,749269","1509,506632","6230,974388","789,638224","1486,732818","1571,732346","575,115821"
2007-07-31,"4680,877256","199,418863","7135,758669","1472,049955","5793,366093","776,837158","1440,817883","1511,678197","545,119493"
2007-08-31,"4751,955901","201,535038","7240,684924","1485,884906","5804,842219","797,386754","1470,612605","1549,242753","546,584294"
2007-09-28,"4932,330207","205,202531","7487,440333","1538,077533","5856,316194","823,792814","1524,043123","1593,385262","563,205514"
2007-10-31,"5015,452056","209,575716","7497,249922","1561,847034","5941,204871","837,47767","1542,507208","1590,334482","567,52396"
2007-11-30,"4803,743221","195,852277","7125,839801","1503,845229","5538,592869","812,888663","1505,500202","1543,156751","548,229089"
2007-12-31,"4776,314736","194,658319","7030,731013","1494,980114","5465,160491","816,230338","1487,69569","1499,580399","552,801412"
2008-01-31,"4486,43931","182,784878","6744,861468","1426,306259","5293,304409","757,677579","1418,964005","1459,812265","512,215868"
2008-02-29,"4346,959816","177,164448","6423,489521","1394,344787","5061,44142","748,778509","1376,348922","1376,4361","502,783473"
2008-03-31,"4330,946247","175,651681","6407,427624","1398,851367","5016,229057","745,718023","1376,306338","1393,46496","492,464268"
2008-04-30,"4545,319445","185,765655","6663,476444","1468,827917","5259,235895","770,323833","1434,509157","1415,783285","515,137577"
2008-05-30,"4617,844541","195,532164","6625,331422","1509,906156","5462,540279","791,70254","1449,955718","1398,24415","536,888906"
2008-06-30,"4241,462994","179,209076","5986,393728","1419,229108","4806,887548","740,631979","1352,674812","1257,681254","505,095899"
2008-07-31,"4192,953929","181,217432","5959,63941","1407,575408","4928,508454","734,055429","1378,809839","1296,308866","484,613011"
2008-08-29,"4250,383169","186,648794","6048,965703","1415,119439","5183,342718","750,877537","1404,697195","1322,173663","490,5382"
2008-09-30,"3860,51375","168,103952","5659,919756","1282,1551","4716,095338","696,918536","1364,108835","1288,898231","436,440849"
2008-10-31,"3200,304346","132,516826","4753,822265","1077,163736","3683,352903","591,183386","1165,951685","1128,477664","347,191956"
2008-11-28,"2964,169554","118,168239","4483,33234","986,246374","3346,4625","563,408522","1106,227707","1074,09468","322,498817"
2008-12-31,"3002,603529","124,821427","4543,08944","1009,36566","3579,511522","569,831325","1106,06337","1085,587733","335,308589"
2009-01-30,"2757,991817","113,571936","4012,155672","930,782297","3173,452243","543,925407","1007,379701","926,636881","315,300622"
2009-02-27,"2475,325632","100,60868","3467,33301","849,377774","2720,63189","498,363466","910,454858","805,294264","282,723107"
2009-03-31,"2687,433533","110,436081","3776,496619","916,284986","3100,644121","541,873718","970,730813","887,831658","306,975992"
2009-04-30,"2945,474684","129,700803","4163,193892","1012,092812","3992,598516","579,687716","1041,3175","978,026739","334,572276"
2009-05-29,"3107,532247","134,944322","4439,138741","1073,475981","4370,290856","610,280764","1087,475791","1046,805265","350,919212"
2009-06-30,"3114,564862","136,428994","4395,72559","1068,968259","4361,747465","620,164354","1099,188293","1049,735741","351,183053"
2009-07-31,"3349,331399","149,370594","4746,348607","1147,747675","4863,097966","655,859443","1168,337767","1132,587443","376,017966"
2009-08-31,"3465,820047","156,429485","4987,260732","1179,285231","5237,088594","670,61159","1203,603195","1159,250657","391,661476"
2009-09-30,"3600,257456","166,085493","5146,925174","1236,810795","5608,961032","693,610539","1245,628793","1201,535767","408,687687"
2009-10-30,"3530,52026","156,027367","5013,827689","1201,863574","5207,874921","694,478207","1214,315154","1184,882551","401,200405"
2009-11-30,"3740,563368","162,096526","5313,902072","1281,644333","5406,048939","737,000996","1284,128012","1265,769968","422,778709"
2009-12-31,"3817,616786","174,415131","5362,998237","1327,757891","5828,937931","752,397094","1309,085162","1285,21295","435,17731"
2010-01-29,"3683,695187","168,637044","5247,652727","1268,953078","5686,389062","719,647703","1275,358261","1256,181531","424,169201"
2010-02-26,"3797,381279","176,821907","5373,392756","1310,27262","5971,050767","736,326745","1302,414525","1277,462852","440,719585"
2010-03-31,"4024,788587","190,949104","5700,957307","1385,37642","6460,839903","773,268728","1350,517996","1344,320548","466,708475"
2010-04-30,"4089,278776","201,247557","5786,689788","1404,16814","6866,136205","780,273984","1362,191635","1363,528939","475,421785"
2010-05-31,"3759,572191","185,743678","5333,633213","1298,752191","6289,243879","716,228192","1282,581544","1271,088447","442,311317"
2010-06-30,"3559,653314","172,013277","5070,683519","1231,347459","5782,478026","688,582412","1261,909518","1237,680511","421,745464"
2010-07-30,"3808,43557","184,29547","5410,65837","1332,551445","6224,10085","730,333947","1322,300752","1318,292336","443,311899"
2010-08-31,"3639,267676","172,887875","5188,562215","1279,067141","5795,957042","705,399516","1304,553082","1301,329958","426,215397"
2010-09-30,"3970,137997","193,109485","5572,731687","1405,236429","6469,919574","776,849704","1397,309445","1388,810697","470,185876"
2010-10-29,"4126,484059","200,514704","5719,477152","1465,384037","6728,872663","811,734401","1442,709424","1428,544159","487,089007"
2010-11-30,"4131,083858","206,814484","5687,275308","1465,6502","6947,091841","810,916485","1430,643288","1416,670427","487,980148"
2010-12-31,"4407,358536","223,187306","6133,646","1558,469583","7532,475961","847,556566","1501,556768","1489,28879","514,844186"
2011-01-31,"4513,030602","225,923799","6307,093241","1606,806918","7612,022872","858,442904","1499,249924","1507,095688","529,655267"
2011-02-28,"4664,336935","237,350637","6566,636021","1671,318809","7989,988598","882,726088","1545,743596","1571,663227","551,987459"
2011-03-31,"4669,889238","242,665757","6558,258052","1673,652941","8125,197268","883,252103","1570,083561","1590,475191","566,704206"
2011-04-29,"4812,786176","249,703895","6756,249138","1731,866671","8297,53546","922,977218","1633,247615","1663,081508","585,515933"
2011-05-31,"4760,617013","246,052013","6654,679205","1719,775173","8143,760199","921,825308","1651,182088","1662,392235","583,466151"
2011-06-30,"4679,896685","240,783435","6521,975691","1693,330691","7973,777167","916,729901","1632,370705","1642,290495","578,171814"
2011-07-29,"4588,743599","231,733922","6299,166869","1658,156447","7685,98363","913,834127","1578,058377","1603,112112","557,122123"
2011-08-31,"4334,932232","212,009103","5950,883555","1561,481543","7024,454201","877,222151","1573,935597","1572,147685","525,44059"
2011-09-30,"4023,146595","188,768","5542,997458","1453,523824","6225,271733","835,953361","1531,579055","1509,652806","486,172917"
2011-10-31,"4465,154147","216,960438","6102,348025","1595,085945","7148,917089","910,804084","1632,28617","1623,167559","544,301345"
2011-11-30,"4452,910483","216,294698","6077,196714","1586,12971","7139,63243","915,825579","1651,295909","1649,622497","545,964536"
2011-12-30,"4495,070083","216,426507","6224,827908","1595,264634","7176,420358","918,733652","1694,737156","1701,898189","552,588364"
2012-01-31,"4706,759352","231,684249","6424,924591","1650,613205","7670,199111","967,084074","1719,595122","1712,511064","580,708084"
2012-02-29,"4914,135992","240,343989","6681,072603","1718,677351","7943,773406","1006,247165","1757,169517","1767,13902","607,988955"
2012-03-30,"5071,499788","245,759478","6880,371544","1764,35704","8085,234469","1042,388735","1802,651127","1807,819973","622,453027"
2012-04-30,"5040,928339","243,718587","6814,905857","1764,422092","7992,207666","1038,818879","1827,297303","1810,750106","619,052129"
2012-05-31,"4731,22018","227,176127","6416,221439","1654,930859","7417,728846","979,883464","1782,034508","1738,630644","579,442657"
2012-06-29,"4918,302088","235,75518","6724,069539","1717,766251","7705,754554","1008,458763","1851,62778","1826,385459","598,065069"
2012-07-31,"4984,978011","233,903642","6809,19123","1741,428595","7589,946687","1019,158697","1886,778724","1868,612905","602,646663"
2012-08-31,"5101,984114","242,407763","6902,853693","1798,581421","7883,804372","1047,962888","1885,802069","1877,058647","620,127169"
2012-09-28,"5232,080998","248,831729","7107,45801","1857,052017","8131,114215","1069,221095","1914,93567","1915,067357","632,757046"
2012-10-31,"5137,660323","245,468918","7067,35341","1815,637356","8078,196663","1030,52507","1896,100986","1897,425116","628,91947"
2012-11-30,"5171,124152","248,920804","7021,986075","1829,742135","8210,764869","1041,88081","1899,789153","1885,655714","632,175759"
2012-12-31,"5220,280171","255,866108","7157,871321","1846,811692","8509,923319","1047,104863","1884,345381","1882,343369","639,564768"
2013-01-31,"5496,520731","272,845791","7607,516975","1946,172689","9126,424209","1100,277453","1980,317686","1985,341438","676,46052"
2013-02-28,"5567,151638","276,133228","7728,253021","1972,757281","9217,900311","1116,850279","2033,928449","2029,9143","683,844975"
2013-03-29,"5776,560814","288,897501","8026,457343","2073,032042","9695,212992","1152,957044","2138,137731","2120,240951","717,519482"
2013-04-30,"5890,806352","288,96113","8236,599894","2122,801807","9732,279749","1177,612981","2196,619209","2179,815871","729,415785"
2013-05-31,"6014,937855","299,356033","8421,231635","2162,570128","10164,93011","1211,165774","2142,999886","2180,691894","744,082736"
2013-06-28,"5934,742718","296,854093","8359,536397","2148,698633","10050,21058","1179,082724","2136,018606","2163,018067","737,825707"
2013-07-31,"6246,995809","316,403603","8743,28802","2304,950791","10741,14621","1230,377629","2213,942314","2255,70583","780,667119"
2013-08-30,"6074,658609","306,659462","8419,226713","2276,536537","10373,09637","1206,665506","2142,558955","2185,637978","758,099665"
2013-09-30,"6275,865359","324,800861","8606,026329","2375,277977","10968,77493","1251,696938","2197,561476","2221,753939","786,371311"
2013-10-31,"6554,499486","335,150651","9011,199652","2501,690284","11388,40732","1311,253219","2301,409318","2335,489741","827,110423"
2013-11-29,"6741,445997","345,40494","9250,085293","2586,849567","11771,05923","1364,85437","2332,242257","2389,904555","854,217053"
2013-12-31,"6922,497244","353,755348","9471,294842","2650,465657","12047,02405","1397,963711","2361,571214","2426,009455","878,76317"
2014-01-31,"6687,48499","346,931248","9132,32326","2579,342305","11671,45425","1340,204222","2290,718154","2325,179794","839,146725"
2014-02-28,"7001,931071","364,297507","9498,865033","2701,073172","12239,18123","1405,397901","2390,669519","2417,522233","882,720049"
2014-03-31,"7050,018606","362,64127","9759,016579","2695,562485","12379,18186","1398,556668","2410,519259","2483,150634","893,974894"
2014-04-30,"7092,383061","353,161482","9876,176142","2736,711431","12183,55976","1411,697103","2444,145729","2547,533405","891,840865"
2014-05-30,"7261,646286","356,894998","10019,34242","2816,17838","12296,42341","1442,384594","2472,449407","2582,159644","912,737309"
2014-06-30,"7417,224948","375,368792","10231,83377","2867,077989","12840,56832","1451,076203","2504,902225","2627,744328","925,253653"
2014-07-31,"7312,880093","356,438812","10056,68773","2846,691896","12239,56756","1439,392896","2466,948726","2585,222487","908,908726"
2014-08-29,"7606,391459","374,921655","10408,95488","2964,563327","12825,97853","1504,478549","2567,302246","2683,448145","954,702093"
2014-09-30,"7487,562684","355,236884","10253,35662","2933,794126","12046,16067","1488,907687","2547,759121","2667,700301","936,382011"
2014-10-31,"7668,259004","371,764446","10455,98903","3019,053422","12543,27002","1531,827172","2657,394854","2731,957287","972,393714"
2014-11-28,"7871,616904","374,842544","10640,74339","3122,53149","12570,69294","1568,547364","2748,938592","2808,530428","1001,748206"
2014-12-31,"7847,601863","380,463633","10635,04095","3107,520846","12742,48679","1563,091206","2752,137587","2787,734504","1008,885694"
2015-01-30,"7626,068844","371,365455","10206,99539","3064,404743","12232,7262","1536,394581","2738,797171","2696,640068","989,110868"
2015-02-27,"8072,209918","393,823095","10714,39522","3249,209456","13033,239","1629,256548","2839,150576","2804,328418","1039,630431"
2015-03-31,"7955,684456","398,893179","10489,82678","3229,08388","13157,62403","1603,743166","2818,582623","2737,326801","1037,444903"
2015-04-30,"8028,432008","391,955612","10695,06922","3198,060344","13002,66012","1608,729908","2802,91093","2794,917188","1030,900272"
2015-05-29,"8135,420384","400,032812","10793,98002","3232,026962","13152,18303","1632,110121","2832,898652","2804,754929","1057,255792"
2015-06-30,"7981,335101","398,184742","10517,58291","3164,225481","12958,14428","1599,966501","2770,014073","2713,586809","1041,987863"
2015-07-31,"8140,836931","395,72225","10600,86504","3256,309979","12634,11439","1646,956837","2880,323638","2755,505652","1057,306282"
2015-08-31,"7646,981563","372,54442","9987,001753","3051,702793","12050,90609","1558,438324","2750,540406","2607,547238","994,937259"
2015-09-30,"7444,466749","355,089783","9779,308497","2996,027217","11449,73127","1546,374659","2735,00056","2599,676308","973,150335"
2015-10-30,"8058,738456","375,062293","10554,89644","3214,006441","12154,32597","1689,660325","2899,418926","2816,658414","1033,088595"
2015-11-30,"8086,84809","383,054758","10593,7168","3201,565842","12368,5414","1694,166712","2892,59578","2821,665887","1032,378849"
2015-12-31,"7950,974138","366,591273","10428,32032","3176,181871","11626,79691","1673,090212","2907,489627","2807,490488","1013,260363"
2016-01-29,"7528,367143","337,82897","9979,535724","2981,547948","10746,84303","1595,280343","2867,009409","2755,280274","954,850643"
2016-02-29,"7512,495505","340,679238","9971,2888","2991,375673","10954,95756","1594,072242","2898,228628","2779,881064","965,458705"
2016-03-31,"8027,007703","369,826983","10645,60117","3208,042882","12080,69935","1693,730083","3072,487644","2960,012369","1034,90442"
2016-04-29,"8066,671157","376,380272","10772,2317","3206,615115","12493,73176","1670,625223","3058,673568","2969,901238","1025,710548"
2016-05-31,"8214,231069","384,05781","10954,42553","3296,965796","12508,78515","1693,887416","3107,883666","3018,141275","1033,990222"
2016-06-30,"8235,480882","384,414569","11082,49867","3318,841495","12421,51662","1682,971437","3250,17088","3111,160817","1035,274515"
2016-07-29,"8548,023177","404,486878","11412,12362","3425,137948","13069,20785","1763,055399","3298,207732","3192,544104","1070,564236"
2016-08-31,"8560,955932","408,184496","11481,00604","3430,957812","13232,70433","1764,316756","3233,871864","3176,870495","1077,127879"
2016-09-30,"8570,214652","410,613581","11466,01857","3446,921404","13325,04882","1773,350311","3212,76812","3179,311165","1082,099922"
2016-10-31,"8407,798182","393,411885","11300,29711","3373,832178","12805,05002","1736,797078","3122,606979","3126,38316","1062,298799"
2016-11-30,"8711,439359","429,8172","11852,98481","3506,183859","14375,39555","1780,547196","3142,526748","3186,618586","1127,7897"
2016-12-30,"8873,982756","439,193587","12187,43225","3581,934326","14800,5903","1806,498069","3217,604065","3263,835986","1151,793873"
2017-01-31,"9057,801653","445,42252","12247,02541","3632,223249","14888,96422","1838,425653","3260,141442","3291,720432","1175,916297"
2017-02-28,"9413,932279","455,682819","12699,37504","3765,111385","15077,60911","1926,185469","3408,587335","3440,593115","1218,302852"
2017-03-31,"9427,218093","455,490179","12610,89006","3804,558979","14916,81989","1939,93557","3412,644233","3445,592826","1211,08508"
2017-04-28,"9529,123669","459,652385","12596,7254","3875,254793","14907,25645","1974,435351","3462,059411","3448,245562","1220,407116"
2017-05-31,"9659,081654","453,669461","12616,76796","3924,798555","14490,56615","2014,649767","3533,986056","3507,968289","1242,60206"
2017-06-30,"9719,599518","465,514903","12855,19914","3949,753661","14870,29935","1995,428062","3520,057402","3518,063857","1250,065727"
2017-07-31,"9917,617324","471,544089","13042,13927","4088,781362","15001,38386","2026,762308","3590,99228","3577,675799","1273,452053"
2017-08-31,"9950,134714","468,0066","12928,28719","4101,957208","14691,44141","2047,204472","3620,733774","3589,778475","1271,426271"
2017-09-29,"10153,04972","491,326314","13311,3661","4185,21658","15592,22098","2090,082396","3640,143034","3664,625221","1310,865694"
2017-10-31,"10385,54421","498,700159","13475,45556","4237,61762","15665,06831","2178,255338","3710,535593","3713,591553","1349,15003"
2017-11-30,"10701,68498","512,936424","13884,31199","4399,378555","16128,68302","2251,535367","3826,759784","3846,01578","1400,427641"
2017-12-29,"10817,69313","515,174999","14060,64338","4483,397009","16268,98739","2276,228337","3834,6589","3901,8234","1399,517212"
2018-01-31,"11438,54853","528,711379","14594,0965","4798,729248","16583,9325","2411,694748","3969,327172","4057,6257","1456,833813"
2018-02-28,"11018,80966","507,221581","13862,13631","4653,515842","15710,7772","2351,361535","3802,313943","3877,38938","1401,960646"
2018-03-30,"10749,93548","512,682876","13574,24649","4550,6252","15851,47385","2304,730731","3793,553534","3818,413345","1392,870544"
2018-04-30,"10793,11163","514,925633","13603,46476","4605,098844","16034,46099","2270,410023","3796,349629","3802,103916","1398,726748"
2018-05-31,"11056,29258","543,398833","13669,30222","4726,189705","16843,52303","2351,999539","3838,071915","3840,180604","1427,713229"
2018-06-29,"11131,37502","547,832975","13745,7318","4711,229271","17038,32631","2364,311018","3902,561014","3858,471573","1418,446283"
2018-07-31,"11530,98046","557,284346","14334,25079","4825,892554","17406,54344","2449,412981","4033,801521","4032,467067","1464,984904"
2018-08-31,"11912,82061","581,956035","14529,71937","5006,399513","17870,1501","2551,118399","4158,058864","4102,000761","1508,684015"
2018-09-28,"11967,29456","570,945651","14592,23829","5053,865891","17513,65508","2569,08524","4210,157042","4156,1861","1498,763714"
2018-10-31,"11136,45731","512,923175","13954,67924","4625,42163","15888,18137","2387,732904","4040,831637","3991,572415","1386,971254"
2018-11-30,"11353,427","522,526066","14374,1686","4721,054776","16094,48881","2416,133125","4191,688109","4150,8996","1398,712469"
2018-12-31,"10330,72146","463,734296","13051,48025","4290,176673","14016,71926","2215,997985","3894,081497","3811,415992","1264,250452"
2019-01-31,"11180,30103","518,008092","13990,60409","4693,187434","15803,68259","2394,432996","4118,59669","4018,193978","1376,535397"
2019-02-28,"11554,58609","543,188251","14432,76995","4847,63118","16455,71134","2507,819277","4274,520592","4186,881222","1414,824912"
2019-03-29,"11768,21541","537,819226","14549,30619","4927,283617","16027,02867","2589,57538","4388,809575","4217,222584","1415,54449"
2019-04-30,"12240,11215","556,244299","15017,52377","5098,039053","16654,72857","2705,72055","4485,413769","4288,741652","1459,608292"
2019-05-31,"11466,22794","514,85592","14039,37157","4855,447596","14990,31004","2522,804573","4413,533234","4016,122614","1348,761703"
2019-06-28,"12271,57376","550,000902","15000,14973","5122,02288","16113,50522","2697,481954","4636,137008","4288,180027","1457,114123"
2019-07-31,"12461,15336","557,398014","15153,77136","5151,937305","16188,52186","2767,966497","4712,194943","4314,774614","1474,395174"
2019-08-30,"12244,44556","534,223004","14760,20566","5054,399343","15179,49819","2729,053314","4790,762901","4278,970716","1435,952803"
2019-09-30,"12462,2513","543,580292","15279,42228","5109,449975","15949,23185","2765,450386","4834,398261","4434,514949","1473,680184"
2019-10-31,"12733,55628","553,333262","15498,88906","5197,612366","16262,39904","2849,409055","4826,168466","4467,375845","1513,979706"
2019-11-29,"13212,25811","575,573859","15962,87566","5391,333399","16779,48783","2973,729307","4890,275871","4560,868177","1566,723701"
2019-12-31,"13599,62465","590,683341","16409,1277","5534,620033","17519,90438","3082,712089","4982,929169","4667,708777","1600,216801"
2020-01-31,"13626,24755","574,961382","15999,6149","5581,207517","16467,24139","3101,093719","5099,152622","4584,874757","1580,944508"
2020-02-28,"12515,09513","524,863354","14448,92524","5117,070532","14744,16404","2868,647153","4685,837274","4161,488082","1451,727441"
2020-03-31,"10927,73477","406,026027","12185,8001","4446,281214","10618,39354","2619,626601","4128,415354","3674,794847","1235,346813"
2020-04-30,"12365,16023","466,43797","13479,79462","5073,484528","12410,55638","2927,416858","4512,166431","4057,953698","1379,590547"
2020-05-29,"13008,36068","499,829418","13863,23029","5412,0762","13098,19185","3100,993941","4709,182541","4175,369502","1453,265338"
2020-06-30,"13305,19343","515,9171","13764,40115","5544,632367","13606,5038","3137,191701","4659,461967","4136,412201","1458,840747"
2020-07-31,"14095,01491","536,48024","14284,79756","5772,519808","13939,18303","3281,173781","4869,420632","4271,580106","1528,531533"
2020-08-31,"15153,27869","560,990245","14850,72525","6084,041428","14813,52957","3546,614518","5009,166525","4422,670832","1604,212454"
2020-09-30,"14587,96501","544,817682","14521,52274","5940,042381","14063,05256","3443,852742","4928,220175","4332,70878","1564,554547"
2020-10-30,"14208,38955","558,353528","14194,2465","5797,182813","14687,62351","3308,978021","4758,832596","4221,868655","1548,198714"
2020-11-30,"15852,24664","651,189489","16043,23892","6330,955177","17788,60528","3667,080777","5149,793751","4641,801964","1705,86514"
2020-12-31,"16506,0043","702,296564","16564,60552","6588,074274","19214,0291","3789,383213","5269,730804","4746,669181","1782,914971"
2021-01-29,"16352,89367","728,859092","16369,10561","6564,591015","20448,68621","3695,996944","5128,766019","4688,23922","1787,287834"
2021-02-26,"16779,96434","776,180014","17121,95924","6705,436456","22358,37866","3781,277179","5109,272846","4752,157859","1833,964743"
2021-03-31,"17411,23182","792,542587","18287,89071","6931,369079","23845,1061","3935,085158","5391,721257","5116,08711","1925,759096"
2021-04-30,"18358,84188","822,045817","18959,15942","7254,800279","24629,3299","4118,35462","5610,401518","5241,332322","1997,563012"
2021-05-31,"18447,10565","821,435329","19453,20808","7316,481686","25536,36535","4155,831006","5657,023419","5360,894715","2019,732004"
2021-06-30,"18960,70281","833,638374","19271,45638","7475,034919","25224,89015","4357,210924","5760,463265","5320,939487","2037,412511"
2021-07-30,"19409,04862","815,730456","19496,65881","7544,713664","24653,4197","4511,20152","5961,47076","5425,189669","2076,410929"
2021-08-31,"19981,83814","834,416815","19884,39685","7694,523991","25208,20974","4651,356462","6077,774857","5527,956056","2133,307171"
2021-09-30,"19038,37946","810,341675","19165,44103","7301,501267","24745,54696","4353,219015","5775,57354","5261,489252","2010,68754"
2021-10-29,"20366,28573","848,751018","20258,0468","7714,790273","25772,47176","4655,663596","6091,460206","5462,432517","2132,104134"
2021-11-30,"20161,21961","812,1737","19710,49544","7556,863803","24965,59615","4650,613234","5971,243322","5381,925558","2098,338356"
2021-12-31,"20958,0309","839,656535","21065,69882","7844,539815","26203,23599","4835,429376","6376,700662","5787,649658","2231,013989"
2022-01-31,"19771,40677","772,237845","20549,98426","7302,058769","25132,88601","4474,353861","6000,719397","5671,167613","2100,283353"
2022-02-28,"19192,16606","780,026136","20170,22849","7139,881323","25611,24152","4244,907365","5817,572725","5553,750159","2065,866536"
2022-03-31,"19866,92901","789,995474","20761,2126","7348,78502","25856,95577","4408,034821","6137,066559","5700,824615","2139,298248"
2022-04-29,"18065,86942","723,930072","19739,64458","6657,601329","24140,7489","4015,607975","5814,410161","5492,237428","1989,775714"
2022-05-31,"18026,30065","725,03466","20111,11333","6717,537921","24751,17697","3996,308033","5813,70639","5624,807553","1997,688567"
2022-06-30,"16534,16947","659,163436","18463,24706","6168,541771","22169,26566","3694,483997","5575,733085","5276,139863","1796,081619"
2022-07-29,"18076,35747","729,551906","19507,29842","6727,077442","24417,74022","4018,064114","5860,430669","5477,155193","1968,601711"
2022-08-31,"17368,28645","711,215417","18957,97399","6555,315564","23757,91049","3782,895135","5681,423509","5290,330289","1899,87156"
2022-09-30,"15757,4939","643,854448","17403,31583","5893,5039","21331,04565","3421,810047","5274,00543","4878,447782","1725,663657"
2022-10-31,"17008,38366","710,302317","19343,12694","6360,917431","23997,01996","3665,779485","5686,464646","5360,272718","1913,299189"
2022-11-30,"17933,75434","739,673051","20517,64827","6609,799918","25203,38309","3945,37338","6015,2014","5748,618207","2005,334661"
2022-12-30,"16879,29829","695,494267","19750,80813","6206,154986","23670,37614","3739,382977","5790,928365","5570,47829","1884,801243"
2023-01-31,"17989,88343","767,82728","20384,60825","6710,065083","26436,1533","3951,650181","5876,384463","5667,253466","2000,50982"
2023-02-28,"17560,42337","754,582287","19688,51576","6523,893426","25926,5105","3873,104463","5674,595757","5480,568746","1937,431671"
2023-03-31,"18184,14444","722,633344","19547,38659","6652,942336","24148,22401","4131,087956","5866,093736","5530,477192","1971,174814"
2023-04-28,"18414,90534","712,553408","19803,06942","6689,654383","23833,33088","4215,178265","5954,154327","5553,448769","1991,471677"
2023-05-31,"18534,69381","700,169653","18996,76359","6581,877535","23060,18027","4348,668689","5761,023509","5310,735648","1947,622709"
2023-06-30,"19770,61941","760,578077","20169,75712","6987,251374","25430,7072","4614,417749","6021,409825","5611,212422","2091,883942"
2023-07-31,"20451,17659","800,021705","20895,31708","7226,156459","27299,65673","4781,443061","6103,069218","5807,125732","2152,562708"
2023-08-31,"20106,45546","767,43849","20373,34305","7177,086121","26293,49684","4779,801267","6069,306099","5700,846013","2123,275076"
2023-09-29,"19163,67215","723,444379","19637,25627","6920,802832","24917,56513","4549,680514","5898,275068","5493,930168","2041,585402"
2023-10-31,"18722,68529","678,070768","19077,99846","6858,963586","23440,68654","4480,616141","5848,008666","5310,4652","1993,706557"
2023-11-30,"20488,08841","739,839284","20448,08622","7451,927421","25615,32975","4860,332924","6190,138828","5647,649187","2133,90293"
2023-12-29,"21453,38009","823,727794","21575,31761","7690,885284","28875,70872","5096,913398","6357,727045","5950,731601","2217,892927"
2024-01-31,"21787,56007","795,427672","21693,52746","7935,520698","27678,73847","5257,579315","6501,051424","6002,974427","2234,489166"
2024-02-29,"22956,65455","838,258033","22444,22537","8370,439078","28584,55165","5623,470276","6637,185565","6168,066994","2344,810351"
2024-03-29,"23686,84664","870,490904","23532,82182","8671,218588","29974,39132","5755,189732","6846,740639","6435,163105","2448,750604"
2024-04-30,"22709,09491","813,123347","22542,01984","8302,614871","28007,3907","5503,638355","6593,805208","6187,21438","2317,691852"
2024-05-31,"23793,78601","851,420272","23193,91467","8778,781535","29464,4363","5825,947787","6778,748743","6310,493198","2425,503838"
2024-06-28,"24644,68645","840,475779","23194,33742","9118,548866","28688,98895","6064,852052","6900,574178","6323,984625","2518,028914"
2024-07-31,"24954,02171","905,195662","24309,33839","9147,838163","31691,55622","6082,589193","7158,382846","6621,304344","2557,760279"
2024-08-30,"25555,84069","902,186771","25010,26556","9419,388358","31457,3301","6300,48389","7512,446287","6810,579299","2633,404758"
2024-09-30,"26105,67043","914,661192","25444,92665","9587,0401","31983,26746","6361,090318","7545,321888","6934,598442","2683,688531"
2024-10-31,"25912,87667","907,897044","25144,87259","9575,785988","31509,55599","6249,552405","7436,081332","6827,086294","2667,722737"
2024-11-29,"27534,7375","1000,513752","26512,17396","10175,85783","34625,57967","6527,443209","7810,616185","7109,311066","2830,103428"
2024-12-31,"26834,01458","922,938155","24668,25346","9782,304454","31864,34498","6321,644061","7374,454806","6644,853026","2722,132632"
2025-01-31,"27650,96347","956,6508","25770,57777","10086,77206","33007,85492","6558,615634","7639,719608","6861,514507","2827,332586"
2025-02-28,"27215,41043","909,282877","26017,49972","10174,16058","31646,60396","6515,419535","7853,841521","7059,142657","2777,465221"
2025-03-31,"25623,12147","851,44691","25385,02333","9655,384561","29872,99405","6137,74385","7806,782004","6945,577519","2623,772716"
2025-04-30,"25491,87655","830,948401","24487,76254","9828,871487","28579,67444","6124,652975","7714,414237","6642,741814","2596,212009"
2025-05-30,"27137,26748","879,122067","25136,94579","10333,2725","30208,40325","6400,528856","7800,690297","6800,608179","2745,393458"
2025-06-30,"28533,32087","922,164666","26258,16262","10819,38487","31718,76404","6646,609333","7855,614714","6970,007333","2886,281869"
2025-07-31,"29186,24653","940,864957","26389,24149","11093,11459","32370,79986","6681,380778","7753,252896","6958,388865","2965,433563"